Symbol,Name,InstrumentToken,ExchangeToken,InstrumentType,Segment,Exchange,IsActive
GATECHDVR-BE,"GACM TECHNOLOGIES",6913,27,EQ,NSE,NSE,False
BANKA,"BANKA BIOLOO",210433,822,EQ,NSE,NSE,False
KHAICHEM,"KHAITAN CHEM & FERT",229377,896,EQ,NSE,NSE,False
PRAXIS,"PRAXIS HOME RETAIL",308225,1204,EQ,NSE,NSE,False
SECL-SZ,"SALASAR EXTERIOR CONT",510721,1995,EQ,NSE,NSE,False
OSWALAGRO,"OSWAL AGRO MILLS",643585,2514,EQ,NSE,NSE,False
KHAITANLTD,"KHAITAN (INDIA)LTD.",1001473,3912,EQ,NSE,NSE,False
HBSL,"HB STOCKHOLDINGS",1053697,4116,EQ,NSE,NSE,False
BLUECHIP,"BLUE CHIP INDIA",1198337,4681,EQ,NSE,NSE,False
DCMFINSERV,"DCM FINANCIAL SERVICES LT",1222401,4775,EQ,NSE,NSE,False
RELINFRA-BE,"RELIANCE INFRASTRUCTU",1226497,4791,EQ,NSE,NSE,False
HINDCON,"HINDCON CHEMICALS",1259521,4920,EQ,NSE,NSE,False
GANESHBE-BE,"GANESH BENZOPLAST",1437953,5617,EQ,NSE,NSE,False
RAJVIR-BZ,"RAJVIR INDUSTRIES",1602305,6259,EQ,NSE,NSE,False
KRITI,"KRITI INDUSTRIES IND",1642753,6417,EQ,NSE,NSE,False
DHRUV,"DHRUV CONSULTANCY SER",1755649,6858,EQ,NSE,NSE,False
ZODIAC,"ZODIAC ENERGY",1825025,7129,EQ,NSE,NSE,False
MANAKSTEEL,"MANAKSIA STEELS",1910529,7463,EQ,NSE,NSE,False
DSKULKARNI-BE,"DS KULKARNI DEVELOPERS L",2245633,8772,EQ,NSE,NSE,False
QUINTEGRA-BE,"QUINTEGRA SOLUTIONS",2400257,9376,EQ,NSE,NSE,False
EMAMIPAP-BE,"EMAMI PAPER MILLS",2581505,10084,EQ,NSE,NSE,False
UNIVAFOODS-BE,"UNIVA FOODS",2653697,10366,EQ,NSE,NSE,False
OMAXAUTO,"OMAX AUTOS",2796033,10922,EQ,NSE,NSE,False
GFSTEELS-BE,"GRAND FOUNDRY",2836225,11079,EQ,NSE,NSE,False
SUMIT,"SUMIT WOODS",2851841,11140,EQ,NSE,NSE,False
BALAXI,"BALAXI PHARMA",2895105,11309,EQ,NSE,NSE,False
BGLOBAL-BZ,"BHARATIYA GLOBAL INFO",2910977,11371,EQ,NSE,NSE,False
KRITINUT,"KRITI NUTRIENTS",2926593,11432,EQ,NSE,NSE,False
SALSTEEL,"S.A.L. STEEL",2978305,11634,EQ,NSE,NSE,False
FCSSOFT,"FCS SOFTWARE SOLN.",3071745,11999,EQ,NSE,NSE,False
INOXGREEN-BE,"INOX GREEN ENERGY SER",3121409,12193,EQ,NSE,NSE,False
SARVESHWAR,"SARVESHWAR FOODS",3305729,12913,EQ,NSE,NSE,False
NAGAFERT-BZ,"NAGARJUN FERT AND CHE",3343361,13060,EQ,NSE,NSE,False
TRIVENI,"TRIVENI ENGG. & INDS.",3348737,13081,EQ,NSE,NSE,False
SAKUMA,"SAKUMA EXPORTS",3392257,13251,EQ,NSE,NSE,False
CLCIND-BE,"CLC INDUSTRIES",3544577,13846,EQ,NSE,NSE,False
NAHARSPING,"NAHAR SPINNING MILLS",3696641,14440,EQ,NSE,NSE,False
NAGREEKCAP,"NAGREEKA CAP & INFR.LTD",3825153,14942,EQ,NSE,NSE,False
INDOWIND,"INDOWIND ENERGY",3827713,14952,EQ,NSE,NSE,False
SHALPAINTS-BE,"SHALIM PAINTS",3928577,15346,EQ,NSE,NSE,False
VAISHALI,"VAISHALI PHARMA",4246785,16589,EQ,NSE,NSE,False
ANIKINDS,"ANIK INDUSTRIES",4264193,16657,EQ,NSE,NSE,False
MAWANASUG,"MAWANA SUGARS",4357633,17022,EQ,NSE,NSE,False
GATECH-BE,"GACM TECHNOLOGIES",4612609,18018,EQ,NSE,NSE,False
VASCONEQ,"VASCON ENGINEERS",4636161,18110,EQ,NSE,NSE,False
ORIENTLTD-BE,"ORIENT PRESS",4662017,18211,EQ,NSE,NSE,False
KECL,"KIRLOSKAR ELECTRIC CO",4664321,18220,EQ,NSE,NSE,False
VPRPL,"VISHNU PRAKASH R PUNGLI L",4695297,18341,EQ,NSE,NSE,False
TVVISION-BE,"TV VISION",4738049,18508,EQ,NSE,NSE,False
DIACABS-BE,"DIAMOND POWER INFRA",4747521,18545,EQ,NSE,NSE,False
HMVL-BE,"HINDUSTAN MEDIA VENT",4919041,19215,EQ,NSE,NSE,False
SICALLOG-BE,"SICAL LOGISTICS",4976641,19440,EQ,NSE,NSE,False
CAPTRUST-BE,"CAPITAL TRUST",4979457,19451,EQ,NSE,NSE,False
CMICABLES-BZ,"CMI",5037057,19676,EQ,NSE,NSE,False
CPCAP,"CP CAPITAL",5142017,20086,EQ,NSE,NSE,False
SHEKHAWATI,"SHEKHAWATI INDUSTRIES",5400321,21095,EQ,NSE,NSE,False
AVADHSUGAR,"AVADH SUG & ENERGY",5479937,21406,EQ,NSE,NSE,False
EDUCOMP-BZ,"EDUCOMP SOLUTIONS",5567233,21747,EQ,NSE,NSE,False
SKIL-BZ,"SKIL INFRASTRUCTURE",6171393,24107,EQ,NSE,NSE,False
ASAHISONG-BE,"ASAHI SONGWON COLOR",6423553,25092,EQ,NSE,NSE,False
MORARJEE-BZ,"MORARJEE TEXTILES",6624257,25876,EQ,NSE,NSE,False
IMPEXFERRO-BZ,"IMPEX FERRO TECH",6625537,25881,EQ,NSE,NSE,False
SRPL-BZ,"SHREE RAM PROTEINS",7330561,28635,EQ,NSE,NSE,False
NEUEON-BE,"NEUEON CORPORATION",7821825,30554,EQ,NSE,NSE,False
RMDRIP-BE,"R M DRIP & SPRINK SYS",194006017,757836,EQ,NSE,NSE,False
GLOBECIVIL,"GLOBE CIVIL PROJECTS",194194433,758572,EQ,NSE,NSE,False
MEIL,"MANGAL ELECTRICAL IND L",194239489,758748,EQ,NSE,NSE,False
GENSOL-BZ,"GENSOL ENGINEERING",194263553,758842,EQ,NSE,NSE,False
HILINFRA,"HIGHWAY INFRASTRUCTURE L",194330369,759103,EQ,NSE,NSE,False
VMSTMT,"VMS TMT",194342913,759152,EQ,NSE,NSE,False
AGSTRA-BZ,"AGS TRANSACT TECH",194355713,759202,EQ,NSE,NSE,False
RUDRA,"RUDRA GLOBAL INFRA PROD L",194660353,760392,EQ,NSE,NSE,False
DIL-BZ,"DEBOCK INDUSTRIES",194678273,760462,EQ,NSE,NSE,False
FCONSUMER-BZ,"FUTURE CONSUMER",194688001,760500,EQ,NSE,NSE,False
ASHIKAG,"ASHIKA GLOBAL SEC",195212289,762548,EQ,NSE,NSE,False
INVPRECQ-BE,"INVESTMENT & PREC CAST L",195257601,762725,EQ,NSE,NSE,False
MAJESAUT-BE,"MAJESTIC AUTO",195271681,762780,EQ,NSE,NSE,False
PIONRINV-BE,"PIONEER INVESTCORP",195284993,762832,EQ,NSE,NSE,False
RSDFIN-BE,"R S D FINANCE",195295233,762872,EQ,NSE,NSE,False
SCANSTL-BE,"SCAN STEELS",195299073,762887,EQ,NSE,NSE,False
MERCURYEV,"MERCURY EV-TECH",195497729,763663,EQ,NSE,NSE,False
ALPINETEX,"ALPINE TEXWORLD",195631617,764186,EQ,NSE,NSE,False
CEMNTGROWW,"GROWWAMC - CEMNTGROWW",195656961,764285,EQ,NSE,NSE,False
EMETAL,"EDELAMC - EMETAL",195657729,764288,EQ,NSE,NSE,False
EMETALINAV,"EDELAMC - EMETALINAV",195658497,764291,EQ,NSE,NSE,False
CEMNTINAV,"GROWWAMC - CEMNTINAV",195658753,764292,EQ,NSE,NSE,False
LCL,"LOHIA CORP",195659777,764296,EQ,NSE,NSE,False
INDOMIM,"INDO-MIM",195661057,764301,EQ,NSE,NSE,False
XTRANET-BE,"XTRANET TECHNOLOGIES",195664129,764313,EQ,NSE,NSE,False
HYBRIDETF,"MIRAEAMC - HYBRIDETF",195669249,764333,EQ,NSE,NSE,False
HDFCNIMEG,"HDFCAMC - HDFCNIMEG",195670017,764336,EQ,NSE,NSE,False
HDFCMGINAV,"HDFCAMC - HDFCMGINAV",195670785,764339,EQ,NSE,NSE,False
HYBRIDINAV,"MIRAEAMC - HYBRIDINAV",195671041,764340,EQ,NSE,NSE,False
MANIPALHOS,"MANIPAL HEALTH ENTERPRI L",195675393,764357,EQ,NSE,NSE,False
INSUREIETF,"ICICIPRAMC - INSUREIETF",195677185,764364,EQ,NSE,NSE,False
ELMDIV,"EDELAMC - ELMDIV",195677953,764367,EQ,NSE,NSE,False
EBANK10,"EDELAMC - EBANK10",195680769,764378,EQ,NSE,NSE,False
INSETFINAV,"ICICIPRAMC - INSETFINAV",195682561,764385,EQ,NSE,NSE,False
ELMDIVINAV,"EDELAMC - ELMDIVINAV",195682817,764386,EQ,NSE,NSE,False
EBNK10INAV,"EDELAMC - EBNK10INAV",195683073,764387,EQ,NSE,NSE,False
MVELECTRO,"MV ELECTROSYSTEMS",195685633,764397,EQ,NSE,NSE,False
MOMETAL,"MOTILALAMC - MOMETAL",195686913,764402,EQ,NSE,NSE,False
MOOILGAS,"MOTILALAMC - MOOILGAS",195687681,764405,EQ,NSE,NSE,False
JNPR,"JUNIPER GREEN ENERGY",195688449,764408,EQ,NSE,NSE,False
MOMTALINAV,"MOTILALAMC - MOMTALINAV",195689729,764413,EQ,NSE,NSE,False
MOOILGINAV,"MOTILALAMC - MOOILGINAV",195689985,764414,EQ,NSE,NSE,False
MIDBANKADD,"DSPAMC - MIDBANKADD",195693569,764428,EQ,NSE,NSE,False
MIDBKDINAV,"DSPAMC - MIDBKDINAV",195694849,764433,EQ,NSE,NSE,False
ASTRON-BZ,"ASTRON PAPER BORD MIL",195697921,764445,EQ,NSE,NSE,False
